l2_norm,linf_norm
0.4205190520328992,0.10000002433776856
0.35950290936445356,0.10000002791976925
0.3105209338208301,0.0999998152256012
0.4011403123865728,0.10000005317306515
0.42830179336304725,0.10000000720214841
0.42068521788129754,0.10000000149011612
0.4064606938811518,0.10000002124023433
0.3545184433599064,0.09999991477203363
0.43544997821296305,0.10000002384185791
0.3559921135877373,0.09999998944282529
0.42166861274133266,0.10000004397583007
0.4083912676227111,0.10000002638244632
0.42317880923538975,0.10000002384185791
0.4316833611855008,0.10000005009460455
0.3193281924365154,0.09999984502792358
0.39683233971750076,0.1000000047492981
0.37111364793826207,0.10000002218246462
0.41253393969168406,0.10000002384185791
0.4215792753500031,0.10000002384185791
0.4125704698545994,0.10000002384185791
0.42620108387156036,0.10000002384185791
0.3314508364789147,0.09999996423721313
0.32979631638916385,0.10000000149011612
0.4249010470499491,0.10000004185485845
0.40150616655625093,0.10000002384185791
0.4112784383076337,0.10000004724884026
0.4184387077151403,0.1000000477752685
0.42793411761302586,0.1000000210876465
0.38858739329065095,0.10000004592895506
0.3297337911034642,0.10000004011535646
0.3805690791141014,0.09999981054687501
0.3707023444012644,0.0999998743209839
0.34860343177291314,0.09999996423721313
0.3927721908701583,0.1000000237827301
0.4259400730507795,0.10000003311157224
0.4264219260942487,0.10000004156112663
0.4236066738200868,0.10000002918243411
0.4062964186747923,0.10000000149011612
0.40215982809002154,0.10000004769897464
0.4156322685868254,0.10000005227661135
0.40190538589395053,0.10000002384185791
0.4380751348935581,0.10000005144500734
0.4347277147783737,0.10000001623916632
0.42290797991948303,0.1000000335273743
0.3719281631506208,0.09999980756759641
0.4018077998437833,0.10000002384185791
0.399722116406299,0.10000002384185791
0.3263417185387897,0.10000002336502067
0.41155371119767115,0.10000002641677863
0.34105796096653357,0.09999996423721313
0.3476252662599837,0.09999966621398926
0.4106881278709655,0.10000003210067754
0.3550076350219877,0.09999992709732053
0.4134933330259022,0.10000000332880021
0.35270363606676636,0.09999999403953552
0.3470044918567839,0.10000004105758664
0.42608382716691395,0.10000003263473511
0.4302321577950439,0.10000001699066163
0.3997426125901913,0.10000002785110473
0.43127781788017516,0.10000002384185791
0.43196410155421355,0.10000003744125363
0.34609221134508483,0.09999996423721313
0.4269339780948404,0.10000004267501827
0.4128023821787556,0.10000002384185791
0.44972943462015075,0.10000005064392092
0.41632499957088337,0.10000000846481316
0.3305130460166489,0.09999996423721313
0.3106981930409099,0.09999996423721313
0.3810327495220674,0.10000003231048582
0.4375313579254378,0.10000002384185791
0.41370914515184837,0.10000003008270264
0.4115967105053411,0.1000000168533326
0.33873380496572447,0.10000002384185791
0.41317589572165014,0.10000002384185791
0.4285834182462825,0.10000004913330085
0.4217442172399589,0.10000000478363036
0.3684896397948166,0.09999951537704466
0.40301382754418374,0.10000002384185791
0.34631215546356536,0.09999997655105597
0.3710160595375426,0.09999965876340866
0.4209341259994172,0.10000004793548589
0.4275415469095592,0.10000002653503426
0.42809318880698105,0.10000002384185791
0.4128273945966254,0.10000001351547239
0.39244681431481615,0.10000004892730718
0.39583356021118504,0.10000000332880021
0.42621391709625456,0.10000004677581786
0.40861714668405913,0.10000002864837643
0.41209815754419005,0.10000002891922
0.3996158020892877,0.10000000418472288
0.4002794542513815,0.10000000332880021
0.40998990892011156,0.10000002384185791
0.41373863945092726,0.10000004447555544
0.41197825133784055,0.10000004810714724
0.4258824899578264,0.10000002384185791
0.4101959254514953,0.10000003429794313
0.3407985996403236,0.09999996759176255
0.39359584971266715,0.10000002384185791
0.3195543616013318,0.09999975562095642
0.3369978112499179,0.10000002384185791
0.33666316960327236,0.10000003188323969
0.43951421001703844,0.10000000602340697
0.42406520306247153,0.10000002677917474
0.4442210446312129,0.10000004953002928
0.32295686078580643,0.09999989781999585
0.4301217074477147,0.10000003417587278
0.44802589727932896,0.1000000518760682
0.4015052689479163,0.10000004344177249
0.4210861776870391,0.10000000580596924
0.3242430621700441,0.10000004339981072
0.36316726278539224,0.1000000328598023
0.3885267595189285,0.10000003084945686
0.4190944681995568,0.1000000525627136
0.425314726687622,0.10000000833320621
0.4225678417217565,0.10000002384185791
0.33839959604729597,0.09999975389099114
0.41358524151940856,0.10000004934310913
0.3706145350582315,0.10000000093460082
0.36029332676819464,0.10000003532409663
0.41897067888885525,0.10000005048751825
0.3403882328174963,0.09999996423721313
0.3250270380250064,0.09999991953372955
0.4405802571755855,0.10000002384185791
0.3368244720305837,0.0999998152256012
0.42049905731255593,0.10000000332880021
0.4067147190263464,0.10000002384185791
0.4120236500096058,0.10000002384185791
0.40031864419929336,0.1000000417671203
0.4115372426479809,0.10000001992034913
0.39281628303697125,0.1000000088272095
0.42709315914539925,0.10000002894973758
0.4188459592474952,0.10000002388000495
0.4095410420813855,0.10000002384185791
0.41069771744575717,0.10000002384185791
0.4108463663707069,0.10000000395202635
0.33515317276688106,0.09999998417854306
0.43370460763345353,0.10000002384185791
0.3051741989061435,0.09999984502792358
0.43629642309000566,0.10000001201629638
0.40856123148239293,0.10000002677917474
0.4357366427113076,0.10000002384185791
0.4097978116693479,0.10000002384185791
0.4414427618550138,0.10000002384185791
0.3577743593288533,0.09999999474668503
0.4275603146433484,0.10000003697586057
0.4215848001006921,0.10000002384185791
0.4170327777417014,0.10000002564239496
0.4065578986825476,0.10000002384185791
0.44521454764618473,0.10000003232955934
0.4354508417337812,0.10000002384185791
0.3807745084804189,0.10000002292633059
0.3437180483949428,0.10000002384185791
0.3646821359749701,0.10000002384185791
0.4087130206435416,0.10000000332880021
0.4119039246216647,0.10000004782867433
0.42200599926224813,0.10000002384185791
0.43572080161243365,0.10000003867721552
0.31124217874559695,0.09999991008377074
0.44758167974179036,0.10000002384185791
0.3351679607753272,0.0999999935073852
0.36525522702376506,0.09999996423721313
0.41017134403751687,0.10000004172897337
0.39807183889813186,0.10000000429344175
0.3093233194105155,0.09999990463256836
0.4045148494675452,0.10000001641082767
0.35036052072610707,0.10000000404739384
0.4144584962468876,0.10000005230712894
0.412154008246586,0.10000000332880021
0.34763913732279755,0.10000004339981072
0.4224089097386765,0.10000003330230711
0.41001243986792185,0.10000000739479065
0.4437462828579143,0.10000004935836793
0.41428874000066435,0.10000002384185791
0.4107841535451132,0.10000002384185791
0.41921458142933804,0.10000001007080073
0.4201031193526478,0.1000000509338379
0.41879752103891443,0.10000002864837643
0.4119995390168158,0.10000005333328243
0.4157473710725487,0.10000004956054687
0.3170281661336338,0.09999967066192628
0.40277462553218657,0.10000003977584837
0.4093356405914935,0.10000001334381103
0.4336904898949908,0.10000004065322876
0.3948186022570931,0.10000004769897464
0.391841818113397,0.10000002384185791
0.35804113778394486,0.10000002384185791
0.37188384961632776,0.09999953210353851
0.37516437419894866,0.09999983937644957
0.39960511066571397,0.100000049369812
0.41243718902974785,0.1000000191345215
0.314648680283214,0.09999972581863403
0.366810377301031,0.09999987483024597
0.40888547575890316,0.10000002384185791
0.39980449849283295,0.10000002384185791
0.42798623422107795,0.10000002677917474
0.4330877623462742,0.10000002384185791
0.41158157633640263,0.10000001377105705
0.32321975026014,0.10000002080726622
0.40082851884631426,0.10000002384185791
0.39643321803637427,0.10000004612731939
0.40838790070056347,0.10000002384185791
0.32030935118066367,0.09999978665161136
0.3212227869092166,0.0999998009624481
0.35682791897521937,0.10000000833129885
0.4502891120549992,0.10000002384185791
0.4130689566177029,0.10000005053710936
0.4555323681848067,0.10000002384185791
0.4463231547130684,0.10000002384185791
0.4238328743066246,0.10000000171232226
0.43407183881998646,0.10000004216384895
0.42883301823263287,0.1000000318527221
0.36052923174626067,0.10000002384185791
0.33064241786363396,0.09999998722696302
0.32503499045702167,0.09999954700469971
0.30685777506987044,0.0999983549118042
0.43919275295606236,0.10000001099205014
0.43000458501775624,0.10000004935836793
0.4013109926235987,0.10000002384185791
0.4111532466969741,0.10000004327392575
0.3318863491739884,0.09999996423721313
0.33354068688606164,0.09999998379516595
0.40871475212865993,0.10000000734329229
0.4161502085308303,0.10000001444244389
0.41692453989999,0.10000003560256965
0.40257092306635417,0.10000003599548335
0.41695864716465986,0.10000005132675172
0.4148589882269776,0.10000000332880021
0.44077483969458964,0.10000004751968383
0.30624015735121946,0.09999994933605194
0.3517097140039359,0.10000001553153992
0.33340217976220193,0.09999990463256836
0.4235973926475767,0.10000002860641477
0.395935066448161,0.10000000734329229
0.40225022756627654,0.10000002972412103
0.4100063254616699,0.10000002384185791
0.4072069085612326,0.10000002384185791
0.4132509940239011,0.10000002384185791
0.4110231259475087,0.10000002305221556
0.40522285110528605,0.10000002384185791
0.39696747120233516,0.10000000332880021
0.3670413947135006,0.10000000690317151
0.42277990866344467,0.10000002660369867
0.3918877289250224,0.10000004769897464
0.33322703086959427,0.10000002384185791
0.42877211968946516,0.10000000149011612
0.317841587340512,0.10000002384185791
0.3999817339965191,0.10000002384185791
0.3924699402656405,0.10000002384185791
0.39254358952834895,0.10000002384185791
0.39972496527263335,0.10000004262542728
0.4134461785921803,0.10000002384185791
0.4126509413274591,0.10000000332880021
0.41821610741169557,0.1000000234146119
0.4122574784434359,0.10000002384185791
0.41473807310487615,0.10000002384185791
0.3627441263611365,0.0999998152256012
0.40588193043792,0.1000000344085693
0.3133273660120958,0.09999978542327881
0.3236633562011007,0.0999997518959046
0.42309740812378227,0.10000004649353023
0.31275896041889534,0.09999999403953552
0.39149398536290525,0.10000000332880021
0.3648591432590331,0.0999998077750206
0.41393995378991005,0.10000002384185791
0.43934927980095356,0.10000001287651061
0.32610452792681044,0.10000002384185791
0.3471173178459238,0.10000002384185791
0.39499866444231035,0.10000005194091799
0.4421883610933561,0.10000002384185791
0.4284527787824517,0.1000000243110657
0.3375106472455446,0.10000002384185791
0.40565787409006676,0.10000002142715458
0.42958118861568856,0.10000002384185791
0.41209544295977907,0.10000002384185791
0.432963206722664,0.10000002384185791
0.30948339954973986,0.09999993443489075
0.44838281051663614,0.10000002384185791
0.42888734824785735,0.10000000416707994
0.332479297332988,0.09999996328353888
0.4110564121209965,0.10000004259109496
0.43034187278999686,0.10000004491424552
0.3283850645071841,0.09999996423721313
0.32462454694092824,0.09999996423721313
0.4196667117412286,0.10000002384185791
0.3714868755052892,0.10000000149011612
0.41640957794512035,0.10000002384185791
0.4119733907633643,0.10000004397583007
0.4359800658281658,0.10000000509262086
0.316422194667347,0.10000000012683868
0.41157461107925397,0.10000003482437136
0.4081654054061934,0.10000004397583007
0.4445119228277687,0.10000003533172608
0.3490052490993,0.10000002384185791
0.4207654464856833,0.1000000241165161
0.41213091667857665,0.10000002384185791
0.4178767499955415,0.10000004729843137
0.31530879960812874,0.09999984502792358
0.3210188732703137,0.10000000735330583
0.4120263523684653,0.10000000332880021
0.41206304862895177,0.10000002384185791
0.39965271257606644,0.10000002384185791
0.343291301629367,0.1000000156421661
0.4160972561676095,0.10000002384185791
0.4325838321026395,0.10000002384185791
0.40960471052776765,0.10000000149011612
0.4307352728319261,0.10000003631591792
0.37709371858472573,0.09999990059804914
0.41788635708149874,0.10000002384185791
0.4068653714810537,0.10000001623344423
0.42475517040357164,0.10000000332880021
0.4470060301003876,0.10000000149011612
0.44682628495522697,0.10000000354957583
0.3343631612884158,0.100000008500576
0.32911722459702564,0.10000003829574589
0.4177199614839635,0.10000000773286821
0.42145625857956237,0.10000002986145018
0.3415781763113103,0.09999990463256836
0.41723072883573964,0.10000000366544726
0.40754425404498856,0.10000002384185791
0.4198778796533943,0.10000002521133422
0.44825552387437345,0.10000002384185791
0.37091506047377626,0.09999979545593263
0.43271484914895836,0.10000004719543454
0.4138608057359214,0.10000002384185791
0.405295771852482,0.10000004769897464
0.40436329628928047,0.10000002384185791
0.41935998648361417,0.10000002401733399
0.36056375257221124,0.10000004423522946
0.45759066454762143,0.10000002384185791
0.3456407520408181,0.09999957243347168
0.3195331431112113,0.09999997232580182
0.407964276739873,0.10000004071807855
0.421842388731865,0.10000003066635132
0.4099203285193074,0.10000003924560552
0.3801665940380513,0.10000002384185791
0.44945754702900903,0.10000002384185791
0.355847787046193,0.10000002384185791
0.4113983489499855,0.10000002384185791
0.4481925175264977,0.10000003181457517
0.42258521203106475,0.10000002677917474
0.4280994628087419,0.1000000108451844
0.4293837832180832,0.10000000149011612
0.4262205619087552,0.10000001877594
0.3236229975537317,0.1000000217399597
0.3189685396022865,0.1000000167732239
0.40616240997205755,0.10000002384185791
0.4083371341550529,0.10000002384185791
0.4343183777698171,0.10000003925704948
0.37961274588878663,0.09999990463256836
0.4125769085902679,0.10000002384185791
0.411273138323502,0.10000004930114748
0.4050091227984404,0.10000002384185791
0.439948037274527,0.10000000149011612
0.4220927806896352,0.10000002155303955
0.34729870063779583,0.10000000618696214
0.34277636680491147,0.09999991687774656
0.4289571422121815,0.10000004378890992
0.43209615829891246,0.10000002384185791
0.41223147315349884,0.10000000332880021
0.3761344464786969,0.10000000460052488
0.34479353622171877,0.10000002384185791
0.39987316463467604,0.10000002384185791
0.4456882122344024,0.10000002384185791
0.4135886798300726,0.10000004327011114
0.40591774461323643,0.10000004769897464
0.4124647699551629,0.10000002384185791
0.4125196429437676,0.10000002384185791
0.4120285793962884,0.10000002384185791
0.357271804361133,0.10000005353546149
0.4132093268191248,0.10000005315780647
0.4106902703704258,0.10000002483749393
0.43949844729129683,0.1000000218391418
0.4228107878184181,0.10000004397583007
0.39401703368445046,0.10000004769897464
0.3458744737530911,0.10000000621271132
0.3932423241608849,0.10000001406097414
0.3171019132031672,0.09999972581863403
0.3905926049159134,0.1000000039448738
0.43127931828013183,0.10000002220153803
0.4119054645055706,0.10000003347396857
0.42073987496842097,0.10000002384185791
0.42440665554214196,0.10000000332880021
0.39974501616041336,0.10000005079650875
0.42004869676290624,0.10000001010131832
0.3426773506252326,0.09999990463256836
0.37560899379839546,0.09999977797269821
0.41894118960378496,0.10000000149011612
0.41194429224946943,0.10000001325988772
0.3991229087203122,0.10000002384185791
0.4213525991632785,0.10000004137039187
0.36580713757070316,0.10000005310821536
0.40298976619915555,0.10000002384185791
0.3468650101009805,0.09999968856573105
0.37841751271108454,0.10000002112960815
0.4063722412230221,0.10000001990890506
0.4344306606652741,0.10000003076934816
0.40852834122732795,0.10000004154586795
0.3959786121890337,0.1000000233688354
0.42349157055086184,0.1000000283813477
0.31401224599575933,0.09999996487522123
0.42070803431077214,0.1000000311851501
0.42745200881150386,0.10000002384185791
0.4220522707616497,0.10000003597259521
0.4351338721226513,0.1000000291481018
0.3469293386220051,0.10000001869010922
0.4130297710717311,0.10000000643014906
0.3315695940016204,0.1000000290336609
0.3481474157973091,0.10000002384185791
0.330769690127788,0.09999990463256836
0.3599081729536027,0.10000004401016238
0.417902300102749,0.10000002384185791
0.34845177084354195,0.10000002384185791
0.413427584065223,0.100000026348114
0.42138005827716185,0.10000002677917474
0.41918015663942215,0.10000000332880021
0.406843570703706,0.10000002384185791
0.4371890100223374,0.10000000149011612
0.4117419442794682,0.10000002978897093
0.30841384432268826,0.0999997700843811
0.43400062940801126,0.10000002384185791
0.31909236781291145,0.09999999403953552
0.41374097414925554,0.1000000422554016
0.3399235100358363,0.1000000042657852
0.44704333446045474,0.10000001795196534
0.3755758159175006,0.10000002384185791
0.41782422382135087,0.10000004916763305
0.4239185486933091,0.10000004354858394
0.4110606980375231,0.10000002384185791
0.300953863152754,0.0999995768070221
0.3314773748111046,0.10000000859308245
0.3369228938278863,0.09999996423721313
0.32057409575584145,0.10000000937271114
0.4102077016258353,0.1000000286903382
0.4139649002351755,0.10000003483963016
0.4295579380985281,0.10000002384185791
0.3196015503540208,0.10000000212812421
0.417515867554439,0.10000005049514771
0.3295764872291226,0.1000000048213005
0.34169860797351176,0.10000002384185791
0.4325258871979073,0.10000003186416628
0.39183024323880344,0.10000002384185791
0.34294729380976946,0.10000003879165653
0.42441119620789314,0.10000003004837033
0.39114983420508836,0.10000000332880021
0.34397193900810186,0.10000002384185791
0.3541170544570485,0.10000004339981072
0.44459100623181497,0.10000002384185791
0.4233492026627194,0.10000001163864136
0.4188969267652254,0.10000002384185791
0.350194103567279,0.10000002384185791
0.4057009842728842,0.10000002410888675
0.39984174572553555,0.1000000210971832
0.39821579872640767,0.10000004769897464
0.32003733481674645,0.09999954700469971
0.33352181139660764,0.09999996423721313
0.42197059890651606,0.10000002384185791
0.36549593828860355,0.10000002603149416
0.40426768554602366,0.10000002015304565
0.42247509995368293,0.10000002384185791
0.34350605970790393,0.10000000149011612
0.4201460576218176,0.10000000332880021
0.42015501258210747,0.10000004192352296
0.4306776727801824,0.10000003056335449
0.4012144516659131,0.10000002384185791
0.41870454193535583,0.10000005310058602
0.4300548014185201,0.10000003902816768
0.31465786439899757,0.09999996423721313
0.34596610198277955,0.09999998051071168
0.3947735984886312,0.10000004596328738
0.43023447578398755,0.10000002308654787
0.4151867107124946,0.1000000318527221
0.43001311227399147,0.10000001980972284
0.4205921279164627,0.10000003335189822
0.39767489341472756,0.10000001710891726
0.42640506941130396,0.10000000149011612
0.4115690227087302,0.1000000256156921
0.3317880949989825,0.10000000312519075
0.41423514111274945,0.1000000505905152
0.3178517746748306,0.09999991859817503
0.39898491278310744,0.10000001815414428
0.31570295306187224,0.09999990463256836
0.4075745511749758,0.10000003306579586
0.3585781156321549,0.1000000419120789
0.40137182500696256,0.10000002384185791
0.4187652881421125,0.1000000318527221
0.4249111872431431,0.10000004596328738
0.3457372751267356,0.10000000003290177
0.32121549654485176,0.09999993443489075
0.41990740997534576,0.10000005176162718
0.40730878165990747,0.10000004769897464
0.3914842390381556,0.10000002384185791
0.4120061941252888,0.10000002384185791
0.4184714887814951,0.10000002781677253
0.42364643798036355,0.10000002384185791
0.33013634106560275,0.10000002384185791
0.3299833623833955,0.09999998722696302
0.3819504675651717,0.09999994933605194
0.37970879041759487,0.09999994933605194
0.3101369998324894,0.09999987483024597
0.3748494267455652,0.09999991953372955
0.43271255111431584,0.10000002379608153
0.42239323347353014,0.10000003906249999
0.35872819365893327,0.09999999206542975
0.3817049928762707,0.09999990806961057
0.4377308119773286,0.10000004736709589
0.35665367833413447,0.10000003504943855
0.4002588777901909,0.10000000332880021
0.39989454880396186,0.10000002384185791
0.43654953624173226,0.10000004785156247
0.4074185208948551,0.10000002384185791
0.40946725226167957,0.100000048297882
0.41334887892911476,0.10000002384185791
0.34838784223039676,0.10000004339981072
0.42321448441269555,0.10000004627227788
0.313714218412945,0.09999956283569333
0.3202615644041798,0.09999996423721313
0.4267796651814322,0.10000002384185791
0.4145637111600398,0.10000004087448122
0.4377884424553924,0.10000002384185791
0.41569932609063415,0.1000000322570801
0.42097692124492664,0.10000003607940677
0.3437674284305193,0.10000004859924316
0.3283473545594278,0.10000002384185791
0.4311203414208251,0.10000002384185791
0.4070308379795229,0.10000002384185791
0.4026549384787163,0.10000004769897464
0.29763239911264605,0.09999963641166687
0.31951385552614053,0.09999992017173764
0.3655850902400365,0.10000000310707091
0.4141568372102888,0.10000005221557617
0.3266749614935479,0.09999978542327881
0.37058330281720125,0.10000000240707396
0.4122757461931776,0.10000004219055181
0.4296942436505738,0.10000002022933963
0.40760099834144414,0.10000002384185791
0.3263586886829474,0.10000002384185791
0.3805700128520673,0.09999991050338741
0.3642593653325009,0.09999996423721313
0.3737730802967887,0.09999997168779373
0.42752078748094435,0.10000000631332395
0.4241081922986174,0.10000002384185791
0.3961558582970421,0.10000004769897464
0.37200593350863054,0.09999999782323837
0.4345564849437529,0.10000002033615107
0.3538487627571529,0.10000002384185791
0.42373445460350817,0.10000001679992676
0.4047581511336185,0.10000004769897464
0.3336283002148506,0.09999997168779373
0.3448874193427969,0.10000002384185791
0.42535157465454904,0.10000004349136349
0.3984393854327417,0.10000002864837643
0.37075013810466617,0.0999999829063416
0.4126094870847367,0.10000002590179435
0.4261843872394204,0.10000002384185791
0.4068402318327537,0.10000002384185791
0.4352718038456181,0.10000002384185791
0.34878119599258256,0.09999984502792358
0.45168474542184406,0.10000002384185791
0.3259755181450306,0.09999996423721313
0.4289623124235036,0.10000002384185791
0.41061657781550515,0.10000004084014891
0.39441588671449823,0.10000001524162294
0.3288965363959203,0.10000002384185791
0.41622229240429715,0.1000000290985108
0.4010325136978549,0.1000000519447326
0.4007834676052399,0.10000002384185791
0.3391337986707319,0.09999994188547134
0.446715575636893,0.1000000457229615
0.42399056345140157,0.1000000318527221
0.4388662628231423,0.10000002384185791
0.3185991652209849,0.09999985958099367
0.41895950242850405,0.10000003419876102
0.3973570363188302,0.10000004586029054
0.37594807775156425,0.10000003897476195
0.4100988690965243,0.10000003837585447
0.43984771629789876,0.10000001897239685
0.3059658988607734,0.09999984502792358
0.4066804195661821,0.10000005179214477
0.3479888722995462,0.10000002384185791
0.41204184574211267,0.10000001163864136
0.4217412096128169,0.10000005055236816
0.3651380606801684,0.10000003980636596
0.3139218980063955,0.10000000079345706
0.3492687001456309,0.09999984434127807
0.39337810808902374,0.1000000043730736
0.3213421184098559,0.09999996423721313
0.30858448535275956,0.09999990463256836
0.42044353401710444,0.10000000219774247
0.3585137258068572,0.10000003039169314
0.3218940309113638,0.10000000220060351
0.3778541597157095,0.09999985247850418
0.3894177439971577,0.09999999635553358
0.3316644419328591,0.09999996423721313
0.3383678751773012,0.09999997230148316
0.3262162452707292,0.10000004011535646
0.41122875689918875,0.10000000332880021
0.437951602127423,0.10000002384185791
0.3967914612879248,0.10000004044342048
0.33144591290102404,0.10000003036117555
0.4150958019383063,0.10000002677917474
0.42781488162658454,0.10000002384185791
0.4193844080115889,0.10000004397583007
0.40896310885787873,0.10000004928970341
0.41178048848782384,0.10000002384185791
0.4318322067221738,0.10000003063201901
0.4083335371047435,0.10000004399108886
0.41373224074916093,0.10000004219818115
0.4240807445415713,0.10000001737213138
0.455659080362247,0.10000005101776122
0.4119219731293422,0.10000000361633299
0.314839485777932,0.09999990527057645
0.3647902312422863,0.10000002384185791
0.415796737708696,0.10000005285263058
0.41345353248893996,0.10000002384185791
0.4519542813524898,0.10000002656936646
0.29846076131975047,0.09999987483024597
0.35349086690371806,0.09999996423721313
0.4285643779805652,0.10000002384185791
0.432340011360331,0.10000002384185791
0.43532912155974995,0.10000002384185791
0.40858185657511314,0.10000002384185791
0.43278088461093217,0.10000004293441767
0.43684593747122624,0.10000004554748532
0.40604769606976465,0.10000004769897464
0.4048990522948443,0.1000000336914062
0.3394686387072309,0.10000001393127445
0.3541473341565916,0.10000002384185791
0.43624877552055225,0.10000004411315921
0.37829648232825785,0.09999991208314896
0.34046166252734084,0.09999996423721313
0.43918161454840693,0.1000000440292359
0.43756395045454005,0.10000002384185791
0.4239857805110718,0.10000004553222652
0.40889942140948016,0.10000002384185791
0.32075872020640606,0.0999997860612869
0.3326357452385498,0.10000001260948177
0.3961754860294185,0.10000000332880021
0.4137660390972809,0.10000002528381347
0.3620029156690408,0.09999986367034919
0.4146233745410628,0.10000001163864136
0.4463069957887753,0.10000002902603145
0.40635050803759876,0.1000000443878174
0.42115124153158484,0.10000002384185791
0.31586968063863874,0.1000000133209229
0.3343401171648303,0.10000002384185791
0.4353299407782462,0.10000002384185791
0.3712638897560633,0.09999987392425536
0.34302650729181283,0.09999996423721313
0.4228463616539831,0.10000002037048339
0.4115893646644483,0.10000003679275515
0.3234002261633713,0.09999984502792358
0.42086247477502,0.10000001087188726
0.462276505277827,0.10000005292129521
0.42959871540282524,0.10000004620361325
0.421502123227946,0.10000000332880021
0.4128853343336285,0.10000002384185791
0.4067397236928646,0.10000002384185791
0.3488638288962819,0.09999999403953552
0.41373962096799555,0.10000002668762209
0.3241855798273128,0.10000002877807623
0.4120471315130185,0.10000002384185791
0.2856479398786869,0.10000005148315427
0.4351920405555504,0.10000002492523197
0.41543530011842816,0.10000004182052613
0.42091818719931723,0.1000000045623779
0.303457101268906,0.09999996423721313
0.40689733617451385,0.10000002384185791
0.43634038529199604,0.10000003818893433
0.4063118638147467,0.10000002384185791
0.4344016780340107,0.10000004665756224
0.41070464364062237,0.10000002384185791
0.3179892513202132,0.09999969601631165
0.42843159813898096,0.10000002384185791
0.4240922325505803,0.10000004186630251
0.3683114225869257,0.0999995693564415
0.37057818488884586,0.10000003874969488
0.4003323214912711,0.10000004051589961
0.42192021654878137,0.10000000149011612
0.3289551574442847,0.10000000212812421
0.4165136083878927,0.10000002384185791
0.4239269467798298,0.10000000332880021
0.38411300806634463,0.099999908864975
0.3894227725491697,0.10000002687454224
0.4352647203598371,0.10000002384185791
0.39899364355117667,0.10000002384185791
0.32387441553592866,0.09999999884843824
0.42924364888659255,0.1000000318527221
0.39077743214924754,0.09999999704122542
0.4016464024255835,0.10000001482963561
0.41953608848180785,0.10000002384185791
0.4142359226233128,0.10000001251983637
0.4275351396099701,0.10000002384185791
0.42054518005525326,0.10000002384185791
0.4266160347328474,0.1000000318527221
0.43529904557316745,0.10000002384185791
0.41221502060368626,0.10000002384185791
0.3908094440670366,0.10000002301788324
0.412242817367666,0.10000005300521853
0.36676495015218774,0.10000002384185791
0.40445527442658835,0.10000001144409176
0.40778960800983527,0.10000000332880021
0.4055204891456284,0.10000000332880021
0.349375544157893,0.10000005068206785
0.36482967805876515,0.10000002384185791
0.4207985034816554,0.10000002080154413
0.40356850147476303,0.10000002384185791
0.4442509648227712,0.1000000210971832
0.4199049608568567,0.10000004015350339
0.422255125510175,0.10000002384185791
0.3091840818767705,0.09999993443489075
0.4190734187536125,0.10000001534271241
0.426731884119513,0.10000004706192023
0.4004492646034575,0.10000002384185791
0.36509170239550787,0.10000001564025873
0.3977875706666224,0.10000005028152459
0.4069768039875999,0.1000000384597779
0.39673794182794636,0.10000004769897464
0.4252167898184217,0.10000003443145755
0.3911001426293886,0.10000002384185791
0.41280612394126426,0.10000002384185791
0.4218025089525231,0.10000002384185791
0.3204980518518863,0.09999978542327881
0.43653385923548865,0.10000001604843134
0.3377081936874987,0.09999996423721313
0.3644105395189394,0.10000002384185791
0.42154475693675864,0.10000000419998167
0.4113900569903062,0.10000002384185791
0.417194552344519,0.1000000347175598
0.3289042329022009,0.09999996423721313
0.4208983490733713,0.10000005257415778
0.44377805703994166,0.10000002384185791
0.4405361532668724,0.10000000149011612
0.3240993013256593,0.10000000448179247
0.4144707279723074,0.10000000441741941
0.4144344573354606,0.10000004361343384
0.31651969745556796,0.10000000149011612
0.3096628811204359,0.09999966621398926
0.37080452264280134,0.09999993443489075
0.32481267769966476,0.09999990463256836
0.40891574929662283,0.10000003883361819
0.4237133201298137,0.10000001547241211
0.4314341446445217,0.10000000440597534
0.3116950871333561,0.09999999403953552
0.394387892571998,0.10000002661895757
0.39494271435031736,0.10000003780746458
0.41303002225030616,0.10000002384185791
0.36598874935789216,0.10000002384185791
0.4034411458844211,0.10000005200958251
0.3999291175951453,0.10000000332880021
0.3240669259191986,0.09999948740005493
0.3369080409704321,0.10000000928115849
0.42940060491644866,0.10000003647232059
0.34767951692685095,0.10000002384185791
0.434172720273616,0.10000002384185791
0.3165163276366809,0.09999996423721313
0.4235289790433389,0.10000002384185791
0.40763793096903483,0.10000001329040531
0.31626340945041176,0.0999990701675415
0.39701208746402056,0.10000002384185791
0.4140631440944455,0.10000002384185791
0.3968665075020684,0.100000027633667
0.31035798116104524,0.09999986801767347
0.3343890844051679,0.09999996423721313
0.4110538597782921,0.10000002384185791
0.3304822475781723,0.10000000928115849
0.4115744113375172,0.10000005305480952
0.3392913096220608,0.10000000149011612
0.4219681809083579,0.10000002384185791
0.406244849309169,0.10000003045654293
0.36132679023709463,0.09999966621398926
0.3280163428921364,0.09999978542327881
0.35989513177113636,0.09999999877023696
0.421401577107443,0.10000002384185791
0.45563288173824357,0.10000002565383914
0.33793837468362814,0.10000002789688112
0.38820569207023276,0.10000002384185791
0.4119545237252948,0.10000002384185791
0.4091330300820288,0.10000000869560244
0.413766883383674,0.10000002384185791
0.4111950840722848,0.10000002864837643
0.4096612835320646,0.10000000640106199
0.408401594967839,0.10000004366683957
0.4137585294671241,0.10000004397583007
0.4087672047550339,0.10000002384185791
0.40543318763294517,0.10000003683090208
0.42342459719619235,0.10000001535034175
0.3937292471111174,0.10000001990509033
0.35277258526254335,0.10000003085327147
0.38094862037544835,0.09999986737966537
0.33391089889422576,0.09999996423721313
0.37120910416807035,0.09999993973159793
0.41174787812643954,0.10000002999877933
0.4116530740628289,0.10000000987243651
0.44563110117310883,0.10000003498840337
0.4215641169961643,0.10000005052948002
0.4270626006532838,0.10000001305389405
0.3929277245328641,0.10000002384185791
0.44010931134878206,0.10000002384185791
0.36096264211744444,0.09999996423721313
0.41899466314300443,0.10000002234649652
0.308464653429097,0.10000002384185791
0.3478109250744089,0.10000004339981072
0.39758260564422465,0.10000002384185791
0.39301300055528465,0.10000005152893066
0.41113952795822795,0.10000004587936395
0.41575054820142,0.10000001049804685
0.41443009290561533,0.10000002384185791
0.42202776439063894,0.10000005006027224
0.33217457512692683,0.09999990463256836
0.42884387439075056,0.1000000318527221
0.40855007069027344,0.10000001340675357
0.4108941923109209,0.10000002384185791
0.34086648791736024,0.09999923926162724
0.3982808780491754,0.10000002384185791
0.4137914237222751,0.10000001692962646
0.40319129927835085,0.10000002384185791
0.4304515440599029,0.10000002384185791
0.42940038749510756,0.10000002384185791
0.37139408652020184,0.09999990463256836
0.32325287027351,0.09999996487522123
0.4140988510367862,0.10000004069519042
0.41474887441786235,0.10000000853347779
0.4126971531669142,0.10000000332880021
0.41243453817536435,0.10000002679443365
0.4130059940326606,0.10000002384185791
0.33465880467108033,0.10000002384185791
0.35266769189884534,0.10000004563903808
0.4178617741128454,0.10000000149011612
0.3995616694597071,0.10000000332880021
0.4262772662683772,0.10000004596328738
0.35053486649733057,0.10000002624130255
0.344696698890789,0.09999996423721313
0.3471621390959189,0.10000002384185791
0.43756090386540386,0.10000003791427614
0.40121885436480065,0.10000004259109496
0.4310571712830319,0.10000002670669561
0.44733734772593864,0.10000002384185791
0.34705859522841453,0.0999999972214699
0.3291632399715706,0.09999995990371702
0.35449194798446865,0.10000002384185791
0.31429651242728796,0.09999990463256836
0.42397169804351026,0.1000000120697021
0.4116823128995021,0.10000004207229618
0.41335645424151596,0.10000000332880021
0.35917640568439013,0.10000002993392942
0.3999650089477243,0.10000002384185791
0.31513306454527706,0.09999996423721313
0.3059698828741209,0.09999993507289884
0.40347814073141813,0.10000002384185791
0.411173737317425,0.10000002384185791
0.4478655926144141,0.10000002384185791
0.41736662419428683,0.10000002384185791
0.3359758080057196,0.09999976576614378
0.41357572626473404,0.10000002384185791
0.3327640891719105,0.10000000354623795
0.32633486180528354,0.10000000149011612
0.361007088258111,0.10000002783966067
0.4023016637810857,0.10000002384185791
0.3336637349510763,0.09999993443489075
0.4148359175411715,0.10000001163864136
0.4079071957946093,0.10000002384185791
0.35820424588748107,0.10000000173234941
0.4194628225602756,0.10000001464462283
0.39287590865943056,0.10000003316497796
0.4284217920764246,0.1000000318527221
0.4046414962517011,0.10000002384185791
0.36148216017863977,0.09999968856573105
0.34615541865162863,0.10000003684616088
0.42266852608567945,0.10000000416707994
0.4198888166908921,0.10000005264663692
0.4337280122561706,0.1000000090065003
0.41578093006749417,0.1000000463905335
0.4046661611996012,0.10000000332880021
0.42875858664678995,0.10000002384185791
0.35182788769176515,0.09999999403953552
0.34259169058660854,0.10000002384185791
0.4030257396536094,0.1000000391464233
0.3664775997423949,0.09999990463256836
0.3045302774295939,0.10000002659988405
0.3929866461862133,0.10000002384185791
0.39558487469860865,0.10000001171493533
0.40726815487420076,0.1000000091056823
0.42800194015859494,0.10000000854873659
0.3581301120611511,0.09999993443489075
0.4121961997428665,0.10000004401016238
0.44550271209156433,0.1000000241165161
0.320730125745506,0.10000001485824583
0.4386098886358095,0.10000000730323788
0.38893235165103696,0.10000000332880021
0.33812087191362433,0.09999995678663254
0.42432718584937273,0.10000000149011612
0.3397883392519346,0.10000002384185791
0.421307715861711,0.10000002384185791
0.3291220554302217,0.09999981775283817
0.35196489116016066,0.10000000483465193
0.32652397299119884,0.10000004292678832
0.31014205091778047,0.09999978542327881
0.4190709810445862,0.10000003659820556
0.4438245727803289,0.10000002384185791
0.4171275450054441,0.10000002384185791
0.3993698375575761,0.10000000803375242
0.4212815576901991,0.10000000332880021
0.4428836039468553,0.10000002743148806
0.4331130480837897,0.10000002384185791
0.33029007686049633,0.09999958772087103
0.42731231777122086,0.10000002711868283
0.4176091315172757,0.10000000986480706
0.4099550383905589,0.10000000149011612
0.42363535894453996,0.10000003785705569
0.43005374741302216,0.10000002384185791
0.3301482759858385,0.10000002384185791
0.3568434341605155,0.10000000637865064
0.4110062914112238,0.10000002384185791
0.3219030118568164,0.09999960660934448
0.41940526680761336,0.10000000149011612
0.42002031961733155,0.10000002384185791
0.2831480975665681,0.09999995901870729
0.3988067666574741,0.10000002384185791
0.42703301443868363,0.10000001432037353
0.4156040943567422,0.10000004534530638
0.41175256545809463,0.10000003840637206
0.4243199000539635,0.10000004577636723
0.32479310463262073,0.09999999403953552
0.40806304995551623,0.10000004397583007
0.3566987410241697,0.10000002384185791
0.4206791294970095,0.10000002384185791
0.42389379084281514,0.10000001605224607
0.4014731810240291,0.10000002384185791
0.3505745267792498,0.10000002384185791
0.300444532467411,0.10000000165700912
0.3278757321285067,0.10000002384185791
0.32284876223430764,0.09999985834121705
0.44227534871912716,0.10000003844451899
0.42369518226459185,0.10000004450988764
0.42085136273719953,0.1000000318527221
0.4225599516041461,0.10000002384185791
0.33494322121091824,0.09999996423721313
0.4109853231047165,0.10000002384185791
0.42226634162981785,0.10000001740646358
0.3307548879176727,0.09999997232580182
0.41148847333814476,0.10000002445983891
0.4036230565784851,0.10000002889633186
0.428443876405463,0.10000001588821417
0.2970467811273654,0.10000002642822259
0.3258447594688791,0.09999996423721313
0.42613570061264205,0.1000000355453492
0.42346169644294573,0.10000002384185791
0.4568099452278379,0.10000002384185791
0.413842256936756,0.10000004914855953
0.3184701735934992,0.10000003282928471
0.4089250817244925,0.10000004850006106
0.42620996991638677,0.10000003825378423
0.3734345019670925,0.10000000862121583
0.3127271736700538,0.10000000212812421
0.43419503050097147,0.10000000734519959
0.286458871075531,0.0999997711601257
0.31724992079199915,0.09999992950439451
0.34719667592066483,0.10000004339981072
0.3127924018101949,0.09999996487522123
0.33233357756146,0.09999996423721313
0.32797286408111637,0.09999996423721313
0.40783677504385146,0.10000001163864136
0.4106605653096449,0.10000000332880021
0.39780945399743817,0.10000003301620486
0.4071811861301713,0.10000002590179435
0.4318200831368241,0.10000002384185791
0.3415762161987377,0.0999999996652603
0.42135505119934685,0.10000005016326907
0.4407348916551822,0.10000002384185791
0.41516297365541555,0.10000001692581173
0.41423592099285544,0.10000002388000495
0.413314982960075,0.10000002072334291
0.42182365703905544,0.10000002677917474
0.43514041902961714,0.10000002384185791
0.40393886245958427,0.10000002384185791
0.3768280947709567,0.09999978578186042
0.31424584222662566,0.09999996423721313
0.4134651127130995,0.10000002885055537
0.32371723175974637,0.09999984502792358
0.3441947800393321,0.09999987483024597
0.4140853682326469,0.10000001163864136
0.42038832453228875,0.10000000850677493
0.42471826613138164,0.1000000318527221
0.41204572632219283,0.10000000880813598
0.42337235491549324,0.10000001163864136
0.42839317539450306,0.10000004431915288
0.32452652591940684,0.0999999998869896
0.42373359322713616,0.10000000332880021
0.33461801516611933,0.0999998439559937
0.3945019886117291,0.10000002384185791
0.4273739733696177,0.10000002024269106
0.3443949336664152,0.10000002384185791
0.40859529359364605,0.10000004769897464
0.4151568786834621,0.1000000206394196
0.4042717901243937,0.10000002384185791
0.41730040990064676,0.10000002384185791
0.371310359132324,0.09999974817037582
0.3218247806987934,0.09999984502792358
0.4137829757515031,0.1000000466346741
0.41237757672268527,0.10000002384185791
0.44690400446802614,0.10000002384185791
0.4265193833268827,0.10000004460525513
0.41564622189457123,0.10000002384185791
0.30645625124988185,0.09999999403953552
0.41349760341000746,0.10000002718734735
0.42366702269072004,0.10000001879119869
0.4176664121397732,0.10000000548171994
0.37960742376337747,0.09999974817037582
0.3338034750842679,0.10000000212812421
0.43584903589127,0.10000002384185791
0.35051664354633744,0.09999985089492802
0.4184693173290428,0.10000004593276979
0.4115120442192326,0.10000002384185791
0.42072601763706563,0.1000000418167114
0.43942253224520655,0.10000002658462526
0.4153147107385372,0.10000004573440546
0.3542301920679596,0.10000005128097533
0.43042997824421336,0.10000002677917474
0.3131932043154862,0.09999993507289884
0.412591585532649,0.10000003958892822
0.35983188633459906,0.10000002384185791
0.3517901693640891,0.10000002384185791
0.34544350709152094,0.1000000043730736
0.3968823207094529,0.10000003381347655
0.43677713405858515,0.10000004323959355
0.414526411799114,0.10000004430007936
0.43489458735693237,0.10000002622604365
0.41572647050016703,0.10000000332880021
0.4268671857652159,0.10000002952957154
0.42546347443491944,0.10000002627944948
0.41059791156457903,0.10000002384185791
0.3860051265222016,0.09999994483041763
0.4223261068985336,0.10000000739669801
0.41469793091444734,0.10000001301574701
0.3927045874501278,0.10000003897094722
0.42240075687786316,0.1000000450401306
0.4324910967406134,0.1000000318527221
0.3184304429928509,0.10000002384185791
0.3801959066819869,0.09999995678663254
0.42948587697112045,0.10000002493286131
0.4148090592319755,0.10000005090713504
0.3200313798146227,0.09999994780921939
0.4299825868260772,0.10000001287460325
0.3471000258167743,0.10000000196647646
0.3266877642982111,0.09999966621398926
0.411420943567608,0.10000003948974612
0.32413075566131594,0.10000000212812421
0.42929635889985057,0.10000002384185791
0.3238354610534692,0.09999977462577825
0.41219572235085555,0.10000003549194336
0.42141264105265575,0.10000002706909183
0.3725676295464107,0.10000001736831665
0.4210930174336615,0.10000004444122312
0.4320048074732242,0.10000001998710628
0.31674277252826744,0.09999994933605194
0.3218855792265768,0.09999978542327881
0.32370408088009417,0.0999995768070221
0.4186987230489379,0.1000000536041259
0.4103716089320963,0.10000000332880021
0.41293491943649163,0.10000001480484011
0.4240069786417121,0.10000001248741147
0.41348157407135666,0.10000002718734735
0.3677394143847464,0.10000000162363054
0.35037128389971317,0.10000000414228438
0.3295713639038302,0.10000002384185791
0.3930670461013838,0.10000004740524293
0.3203527319423417,0.0999999852676392
0.4060672864513709,0.10000001842880257
0.4031180995162637,0.10000002384185791
0.40070615223476647,0.10000004769897464
0.4190037754341251,0.1000000318527221
0.41147987050101187,0.10000002384185791
0.3898580583226723,0.09999992698431015
0.43216699560433214,0.10000004461288459
0.44460784458216007,0.10000002384185791
0.4205211209474787,0.10000003139114377
0.43227286109479024,0.10000000149011612
0.4112864254619116,0.10000002384185791
0.4045311721740926,0.10000003697204596
0.4128743769880465,0.10000000794601438
0.4271398267807913,0.10000002384185791
0.35974161356166856,0.09999989718198776
0.33443289375707647,0.09999966621398926
0.3674025232797732,0.10000005222702024
0.4160677845428804,0.10000003165817262
0.3215390425045931,0.10000002384185791
0.4225847283626542,0.1000000318527221
0.3422421930699746,0.09999996423721313
0.41209494034859834,0.10000002384185791
0.4014802894940962,0.10000004769897464
0.392596305420043,0.10000001338195807
0.4197157903171231,0.10000004476165769
0.41930055454125353,0.10000000332880021
0.3385138275008054,0.09999990463256836
0.36341002420112695,0.10000004735946655
0.4082387810293561,0.10000002384185791
0.4268769913085194,0.10000003469085694
0.4508129781167452,0.10000002384185791
0.3263465817218626,0.09999984502792358
0.4144464798852657,0.1000000103664398
0.4352876295874343,0.10000003821945191
0.3761872699998833,0.09999999589395525
0.4241436931023524,0.10000002566146848
0.3857823426440661,0.09999974817037582
0.4321316171687935,0.10000000149011612
0.4290249315640712,0.10000002567672728
0.4374776456649812,0.10000000844001772
0.4296269674442503,0.10000000466537473
0.41360563210375556,0.10000004124450679
0.30393691145203144,0.0999990701675415
0.31010017568386034,0.09999989781999585
0.4397603366851811,0.10000001243972778
0.32035422902462196,0.09999951720237732
0.41604807507332836,0.1000000158119202
0.36129314663657713,0.10000004669570917
0.43747568973417994,0.10000004606628421
0.41380664407906487,0.10000002562713628
0.37662435665689437,0.09999983798599243
0.41212386252734307,0.10000002980041511
0.45398556813161556,0.10000002384185791
0.4003813966405883,0.10000002384185791
0.4152621811831224,0.10000000332880021
0.42238225255168843,0.10000002384185791
0.394662473925483,0.10000002384185791
0.4402081816584341,0.10000001497268673
0.43143850105916687,0.10000003805160529
0.4189106211298056,0.10000004397583007
0.4126188696201372,0.10000002384185791
0.35323630219704866,0.09999999403953552
0.4128326950400397,0.10000003400802615
0.31680583223424086,0.09999996423721313
0.3644203262795487,0.100000049583435
0.4122356063614156,0.10000000952148436
0.4209803298017125,0.10000002384185791
0.40773792948177995,0.10000004769897464
0.3306418028921016,0.09999984502792358
0.43615002467328845,0.10000003708648686
0.42362314179223093,0.10000000416707994
0.3374546927152922,0.09999996423721313
0.4122256496841636,0.10000002384185791
0.44691392924888135,0.10000000273704529
0.4051645252074677,0.10000005215072627
0.4285173004034967,0.10000003731918339
0.43730114945267995,0.10000002701187127
0.42344543350046654,0.10000001626205446
0.4234345069155345,0.10000005004119872
0.4315055293264918,0.10000002801895147
0.43553838252471455,0.10000002864074709
0.4260618480852795,0.10000000149011612
0.3303441868618724,0.09999991208314896
0.32618678443634486,0.09999990463256836
0.4127322926311449,0.10000001785659784
0.43004468971194226,0.10000000149011612
0.3111717418935429,0.09999996423721313
0.330338560177477,0.10000003018188475
0.41364323396590763,0.10000002384185791
0.4039254847357839,0.10000002384185791
0.41618616171143874,0.10000000332880021
0.4397811560667958,0.1000000273094177
0.43582330145084824,0.10000003472518926
0.3684886065328602,0.09999987062454219
0.32480788204034694,0.10000002384185791
0.3352102397243378,0.09999996423721313
0.41120752506825353,0.10000002384185791
0.34048147780248855,0.10000000149011612
0.3986972251588306,0.10000002384185791
0.4056024997639326,0.10000002384185791
0.43052897181555777,0.10000000149011612
0.3749827700476536,0.10000002154159549
0.40452082455295874,0.10000000332880021
0.4348197963155567,0.10000002384185791
0.35357029174452104,0.10000002384185791
0.384977496567738,0.10000001759338373
0.34445391551652466,0.10000002384185791
0.4220192661989947,0.10000002384185791
0.42103009468036356,0.10000002384185791
0.32732077317105307,0.09999996423721313
0.3535949605965638,0.10000004844665522
0.42243685432915307,0.10000003410720826
0.41350172680587144,0.10000002384185791
0.4222531878500124,0.10000001298141481
0.39201034611779856,0.10000004381942751
0.33798036587313157,0.1000000077109337
0.3937857745238501,0.10000003238296507
0.36586153384677883,0.0999997662582397
0.3992443981315356,0.10000004940414431
0.37214238435089025,0.09999978335189819
0.42833635211636745,0.10000000501966477
0.40735590441024205,0.10000002384185791
0.4129109964535571,0.10000000332880021
0.3503700050790487,0.10000004339981072
0.41137576238160595,0.10000005198669437
0.4205676064890134,0.10000002384185791
0.34801575638012444,0.10000004339981072
0.41339777724066007,0.10000002247047424
0.3165563511893727,0.09999997232580182
0.3968777187038281,0.10000002384185791
0.3448830464710772,0.10000002384185791
0.3920971527584111,0.10000003694915771
0.3339595443804976,0.10000000859308245
0.4229052888940399,0.1000000318527221
0.41706447171833144,0.10000004030990595
0.4328414828026837,0.10000003934860224
0.35244934108106,0.10000002384185791
0.44979918658836693,0.10000002384185791
0.41174368082646756,0.10000000973129275
0.43352464024746085,0.10000000803756715
0.3788027188745349,0.10000000414228438
0.4177906790173032,0.1000000375823975
0.33684798736792754,0.09999996014022827
0.329597655754265,0.10000000403022768
0.42503127424798165,0.1000000073299408
0.4247331229615293,0.10000003046035766
0.33214921008245685,0.09999978542327881
0.43563861580099206,0.10000001992797847
0.3742924406955961,0.10000004660034179
0.4039118540039574,0.10000002864837643
0.42183082993873494,0.10000001163864136
0.34298821063428137,0.10000000426435468
0.4262137409639078,0.10000001431655892
0.2896896401205603,0.09999997626876833
0.3426956168120889,0.10000002384185791
0.3377804653162975,0.09999948740005493
0.3920262187754574,0.10000004769897464
0.3298880851729484,0.09999999403953552
0.4108502876244203,0.10000002384185791
0.33003097769391077,0.09999979508972168
0.4107813970301061,0.10000004455947875
0.34505659896512597,0.10000002384185791
0.4195917223069812,0.10000004535675044
0.39995976093020336,0.10000004094696047
0.4124602461862064,0.10000002384185791
0.407343057558599,0.10000002384185791
0.42189301584189376,0.10000004798507689
0.3587480331157182,0.10000002384185791
0.41374350781631786,0.10000002384185791
0.36999341039377,0.1000000250434876
0.42149301532811473,0.10000002384185791
0.3226902998869438,0.09999966621398926
0.3231617869183372,0.09999938309192657
0.4360692268006051,0.10000002384185791
0.34840639294621817,0.10000000462198255
0.3698169904751474,0.10000002384185791
0.4244976129791466,0.10000005281448365
0.41334368842785746,0.10000001078033449
0.35273251827158114,0.09999972581863403
0.4344213462921085,0.10000002838897704
0.42590488786180947,0.10000002384185791
0.3118494748735247,0.09999972581863403
0.42532215983845684,0.10000000149011612
0.405647125862524,0.10000003186416628
0.4281137305590185,0.10000001646041867
0.41469413686897216,0.10000000550460819
0.42823619298273097,0.100000010684967
0.34728631182974345,0.10000000538587572
0.3238567341864252,0.09999996423721313
0.3247562730582874,0.10000003660964962
0.45214661862722844,0.10000002384185791
0.40059889099432616,0.10000002384185791
0.4206546134465193,0.10000002384185791
0.42124857869268006,0.10000003554916381
0.333514038771616,0.09999996423721313
0.43024140397338023,0.10000003584289552
0.4173191346493269,0.10000002583312995
0.41197492358912113,0.10000000386810304
0.4273674042357599,0.10000002384185791
0.40061614936198714,0.10000002293395993
0.3930380860543279,0.10000004743576052
0.436690516978183,0.1000000091552734
0.2994645911174461,0.09999984502792358
0.3792626549385527,0.10000003576278682
0.40622538252622475,0.10000002384185791
0.4525562433410888,0.10000002384185791
0.4039573939647001,0.10000002384185791
0.33866434964054437,0.10000000859308245
0.4001603707695926,0.10000002384185791
0.42042435472348355,0.10000002384185791
0.42315135077252725,0.10000002384185791
0.3037235964458454,0.09999990463256836
0.41389625534512753,0.10000002384185791
0.42848568537954806,0.10000002384185791
0.3821246530352739,0.10000002384185791
0.43069824570831394,0.10000002384185791
0.41301766945669727,0.10000000441741941
0.411755602158289,0.10000002252578732
0.4122508979348541,0.10000002384185791
0.3644661755096623,0.0999998077750206
0.4096127979080626,0.10000002041625977
0.4223292506048989,0.10000004232406612
0.4130455696390397,0.10000000332880021
0.3471307111466347,0.1000000222034454
0.4288339768223116,0.10000002046966561
0.4127731484595968,0.10000002384185791
0.4287678899074971,0.10000000149011612
0.4124807353800048,0.10000002384185791
0.42255089512564675,0.10000000844573975
0.4113027696489091,0.10000002384185791
0.4288313025364447,0.10000000149011612
0.4567025729786544,0.10000003106689448
0.4389421923970013,0.10000002384185791
0.3827489296161313,0.10000004882812497
0.3886814950177821,0.10000002384185791
0.3967580492849133,0.1000000488815308
0.3865976720874042,0.09999996423721313
0.40398708890514534,0.10000001144027704
0.41054001905509097,0.10000003694915771
0.3530591259724887,0.10000002384185791
0.4028055151109001,0.10000003404235835
0.41024910457439434,0.10000000498199468
0.41186035465957666,0.10000002384185791
0.4224166675294653,0.10000002384185791
0.42102939809303097,0.10000000405311582
0.4454950843740978,0.10000001969528194
0.45308928092019907,0.10000002985763556
0.32532732621393956,0.09999983821535108
0.3445259067463881,0.09999990463256836
0.45106061263596114,0.10000002384185791
0.4378788744319281,0.10000002330017088
0.4140832021008907,0.10000003460693363
0.3914726856618791,0.10000005237197873
0.40679401214528443,0.10000002384185791
0.4189328458286956,0.10000004856491085
0.44114222750724874,0.10000002384185791
0.39773109915107435,0.10000003327941898
0.3487222570019003,0.10000002384185791
0.43049936833916125,0.1000000161552429
0.34215407166699424,0.0999999297790527
0.3754875284319562,0.10000000276088716
0.39749965208496835,0.10000002384185791
0.3259637549072316,0.09999984502792358
0.42137453711292716,0.10000000332880021
0.3903071481553878,0.10000002384185791
0.42832035211398595,0.100000035205841
0.438526782455882,0.10000004613876345
0.3471563877087424,0.09999998653030395
0.4228045031079236,0.10000002384185791
0.3522706697725602,0.0999994488868714
0.3499114428330351,0.10000002645111083
0.35332264857595663,0.10000002384185791
0.44416751656242176,0.10000002384185791
0.35715229209692323,0.10000002384185791
0.4529291129185563,0.10000002384185791
0.42788142940322343,0.10000000149011612
0.32715473344880663,0.10000002384185791
0.4282774834600525,0.10000002269744868
0.3754283504548833,0.10000003577804573
0.4170301886761626,0.10000003757095333
0.37488136360272434,0.09999963641166687
0.32292420756974644,0.1000000070381164
0.396725146384557,0.10000000332880021
0.40362793124443486,0.10000004226684567
0.3133707661357036,0.10000000541639326
0.4115332966047517,0.10000004363632198
0.3503039452953469,0.10000002384185791
0.3970285732183642,0.10000000697326661
0.4306627051977092,0.10000000149011612
0.42251970311073034,0.1000000397148132
0.37765280812428037,0.10000002135848995
0.41180319376993657,0.10000002384185791
0.41181089619449396,0.10000002384185791
0.4280064484321712,0.10000002677917474
0.40862241663383586,0.10000000371932982
0.40181767148434877,0.10000000597763059
0.436451080883298,0.10000004572677612
0.3391654791019734,0.09999999403953552
0.4285530788826711,0.10000004652786254
0.43914499913463567,0.10000001378631596
0.39574732966044085,0.10000002384185791
0.40780637287982546,0.1000000362319946
0.43293094091220136,0.10000004978561405
0.4323924334210446,0.10000002384185791
0.4136859607962963,0.10000005237197873
0.319905135262448,0.09999993507289884
0.35361911030163085,0.10000002384185791
0.43975478550569447,0.10000002007293696
0.40245392045412104,0.1000000318527221
0.40133623553891606,0.10000002384185791
0.42383747958166595,0.1000000151290894
0.33235254293143546,0.09999999403953552
0.41214658151478983,0.10000000332880021
0.3020675433503447,0.0999998152256012
0.40301024139535757,0.10000004769897464
0.3937634961410283,0.10000003629302978
0.35878773734162683,0.10000004361724857
0.4161794884494246,0.10000002096557625
0.4329931812435325,0.10000005102157594
0.42168829128204033,0.10000002384185791
0.4333706201685921,0.10000000149011612
0.4160110775077296,0.10000002384185791
0.4149265641120024,0.10000003865051266
0.40557343400814017,0.10000004629135129
0.4143226104698163,0.10000002008819586
0.42033449539878043,0.1000000236682892
0.4292337299620684,0.10000004954528807
0.41664307927701344,0.10000003981018069
0.42367962021362426,0.10000000412750243
0.4229646556215393,0.10000002384185791
0.3266574144804923,0.10000002384185791
0.40078808086558354,0.10000002389526363
0.408324127001545,0.10000002384185791
0.42093001382453693,0.10000000332880021
0.40663466588004055,0.10000002384185791
0.4000466007254831,0.10000002384185791
0.309056355490878,0.09999996468353278
0.39979161086754295,0.10000002384185791
0.41935769022540015,0.10000002384185791
0.4244572793174323,0.10000000149011612
0.4135017520838275,0.10000002384185791
0.4231405754948449,0.10000002919387818
0.41118963709130735,0.10000002384185791
0.42027879776558974,0.10000004498672488
0.39917594067063306,0.10000002384185791
0.41775863469081853,0.1000000318527221
0.4237888133877569,0.10000002384185791
0.3280622525202902,0.0999999599647522
0.4196079891221451,0.10000003877258301
0.4036189250951783,0.10000002384185791
0.40253082788389455,0.10000002384185791
0.31557768773143263,0.09999960660934448
0.43944730158547063,0.10000005274581913
0.42674344487566274,0.10000002605819702
0.4097127321369167,0.10000001713562012
0.41001877751443755,0.10000004397583007
0.42042698389339533,0.10000003496551513
0.41109507021904546,0.10000003732681273
0.4398701760800784,0.10000002456665036
0.317568777409891,0.10000002384185791
0.43893825128572994,0.10000004156112663
0.3431118825178609,0.10000005103302001
0.3092512241807843,0.10000002384185791
0.36712588434509674,0.09999985005569456
0.3177714285337162,0.09999992762231824
0.4115746879514832,0.10000002384185791
0.40889576697134006,0.10000003054428097
0.43016138373419355,0.10000002384185791
0.3370355739204796,0.09999996423721313
0.3323306178798436,0.09999990463256836
0.3672775443644168,0.10000002384185791
0.41343387058632614,0.1000000404968262
0.42632039524425236,0.10000000718307489
0.426651532924508,0.10000001649665835
0.41284913146619884,0.10000004649734495
0.41538765215851636,0.10000003380966183
0.3532335487017841,0.09999996423721313
0.43795397875734676,0.10000001682281501
0.420304409501618,0.10000000416707994
0.43400563340434994,0.10000000868415837
0.3384666521779836,0.09999996423721313
0.41195795202494934,0.10000002384185791
0.4082154096493049,0.10000000441741941
0.4049608263568153,0.10000002384185791
0.4140365949545557,0.10000004630661008
0.3520965960334789,0.09999974818801882
0.4056510228155746,0.1000000469284057
0.37167940081960993,0.0999998077750206
0.3475753110174836,0.10000002384185791
0.37228143082889964,0.09999996976852416
0.3200418351423894,0.09999978542327881
0.3875193374947554,0.09999997437286379
0.34459730611492756,0.10000000424766542
0.41009902084152516,0.10000001163864136
0.416304696031829,0.1000000208435059
0.40164323108275507,0.10000002384185791
0.32983220528948304,0.1000000043730736
0.4117422748016998,0.10000002435684197
0.4096289798112494,0.10000004011917119
0.3449509838323412,0.10000001855087282
0.42537469028561914,0.10000001538467407
0.41884853779688136,0.10000000332880021
0.38934682069090837,0.0999998077750206
0.32803711324757373,0.09999996423721313
0.4376948670545135,0.10000002384185791
0.34533279769856934,0.09999996423721313
0.3289833077507987,0.09999996423721313
0.4134949890160994,0.10000002384185791
0.41987908907247873,0.10000002384185791
0.3135316019876183,0.09999963641166687
0.3208171839691971,0.09999993209457392
0.43560558193062243,0.10000004056930545
0.3986642602023333,0.10000004769897464
0.42384891451743667,0.1000000304985047
0.4292160359636714,0.10000002485275261
0.3117054009050181,0.09999975415420537
0.42076260697443235,0.1000000318527221
0.4342115375438493,0.10000002384185791
0.4469789421491131,0.10000004987335209
0.33194742760232415,0.10000000212812421
0.3137795791957541,0.09999987483024597
0.42949987909973014,0.10000002948379516
0.41459031386144546,0.10000002384185791
0.3700445856366122,0.09999977797269821
0.43369781549982145,0.10000001671409608
0.40468754122215206,0.10000004769897464
0.4548706908912486,0.10000002754592896
0.3874918267615752,0.10000002891159054
0.32726984366673495,0.09999996423721313
0.3996251907293195,0.10000002300262456
0.32607909650302225,0.09999956356239315
0.4356700757487223,0.10000002384185791
0.3715276507937639,0.0999998226761818
0.4313816741470502,0.10000000149011612
0.3400092722176821,0.09999996660232546
0.3669003673313749,0.0999999656143189
0.43845372165614743,0.10000003967285154
0.4482629119163731,0.10000003720092776
0.3337426547647654,0.09999990463256836
0.40763646375304924,0.10000004934692375
0.35491447771074036,0.10000002384185791
0.3307706852085992,0.09999963641166687
0.33495403057780493,0.09999996487522123
0.40670851028644844,0.10000004586791988
0.4565251938787269,0.10000002384185791
0.31515981927009584,0.09999992553710935
0.354460038755118,0.09999993576431276
0.4217530497912991,0.10000002163124089
0.33020026848259953,0.09999990463256836
0.4201468598686689,0.10000002762603755
0.39914108869281495,0.10000000332880021
0.33567120942954837,0.09999997168779373
0.4290547761959889,0.10000001012039184
0.4270240269718502,0.10000002486038206
0.4348673702347182,0.10000002384185791
0.41289382232758953,0.10000002384185791
0.40801433523646563,0.1000000384597779
0.4161755756700947,0.10000004169845578
0.41216511513743154,0.10000004145431518
0.41355364480537254,0.10000002812957764
0.422446888708778,0.10000005050277716
0.4214169253782392,0.1000000075221062
0.41988339588938084,0.10000003105926514
0.3926411232032969,0.10000000332880021
0.3307284083143787,0.09999997913837433
0.4046395707733053,0.10000002384185791
0.43888731323138713,0.1000000089416504
0.397218855871858,0.10000002384185791
0.41826884508764506,0.10000005049133298
0.33966240500614736,0.10000000426912309
0.3955643707911504,0.10000002384185791
0.422408341375042,0.10000003475570685
0.32349704319621453,0.09999918937683105
0.3995600324086014,0.10000002384185791
0.30875901841715847,0.09999992698431015
0.4287547635968875,0.1000000046367645
0.30427775384772127,0.09999993443489075
0.4177184364741859,0.1000000318527221
0.3395986076653463,0.09999993238067628
0.4122172303133843,0.10000005252456667
0.3593526853598171,0.10000002384185791
0.29501117935574706,0.09999980945825576
0.37680177654148833,0.09999984329891204
0.41173403335670183,0.10000002384185791
0.41365614679597706,0.10000004397583007
0.4121184313983172,0.10000002384185791
0.43282591795034114,0.10000000292396544
0.42198059521378584,0.100000013206482
0.4012551973932073,0.10000001685714721
0.4214802739679848,0.10000003955078118
0.33527539188929173,0.10000000859308245
0.41424076989079806,0.10000005216979979
0.3664182822841259,0.09999961405992508
0.4136612341641871,0.10000004397583007
0.42947199375026446,0.10000002905654903
0.413156724916326,0.10000003002929692
0.30481797542572453,0.09999966621398926
0.4252583658716454,0.10000002814865117
0.4200918343423462,0.10000002384185791
0.3466087745335207,0.10000000459146502
0.2923977738083009,0.09999972581863403
0.42046135459324413,0.1000000202255249
0.42873776242107947,0.1000000252571106
0.39135427608176565,0.10000004376220706
0.31204995493061444,0.09999953392982486
0.3519515533056251,0.10000002384185791
0.4243106485911136,0.10000002384185791
0.44496119177746,0.10000002384185791
0.3790329931372949,0.10000000332880021
0.34384849805172285,0.09999969136810305
0.4148392325733708,0.10000005292129521
0.4231954257886362,0.10000000869560244
0.41417634386650043,0.10000002384185791
0.41258726111519145,0.1000000314598084
0.31031846030988125,0.09999999403953552
0.41944623111098345,0.10000003212356567
0.4334428028924411,0.10000002384185791
0.36294725304472136,0.09999980142211906
0.41607479253560814,0.10000002384185791
0.32605043618091756,0.09999990463256836
0.4202472178800167,0.10000002384185791
0.3480594991122781,0.10000002384185791
0.29680506452713584,0.09999987483024597
0.42021956195098004,0.10000000484848026
0.43341734939916526,0.10000002490615845
0.44551188789689095,0.10000002384185791
0.41046135841369225,0.10000000149011612
0.33512512834785646,0.10000000655221941
0.4033262137415309,0.10000000332880021
0.314371751492031,0.09999999403953552
0.4149925570826403,0.10000002787399298
0.3813971367222273,0.10000002384185791
0.42883245788393803,0.10000000981521606
0.4234392783249266,0.10000002384185791
0.39411090227479456,0.10000004005432128
0.4114891767322751,0.10000002384185791
0.4233047656913579,0.10000000332880021
0.3114466039793644,0.09999987483024597
0.41879510457479124,0.10000002864837643
0.4115859796843183,0.10000002384185791
0.31078857555641476,0.1000000348472595
0.40253995920273805,0.10000000332880021
0.3192982377972235,0.09999996925735477
0.4115755806055402,0.10000002864837643
0.440801725098611,0.10000003116226197
0.3566898833353488,0.10000004339981072
0.42240606145643067,0.10000003977584837
0.4358480532153389,0.10000000149011612
0.4072678788074263,0.10000002384185791
0.42298910093819353,0.10000005242156984
0.4237225150743119,0.10000004102706916
0.3471665349343073,0.10000000270223619
0.3833219951216554,0.09999994933605194
0.3978027618737032,0.10000002384185791
0.3285035787611849,0.09999996423721313
0.42292760454281036,0.10000004303359988
0.4294851369783269,0.1000000214309692
0.3226717875390238,0.09999950743865971
0.4309227149365549,0.10000002631378169
0.39394430694188737,0.10000004865646361
0.3147621624807507,0.09999996487522123
0.4243709523462388,0.10000002384185791
0.41261965910477927,0.10000000332880021
0.3621940078084924,0.10000002384185791
0.420035556369089,0.10000003586959838
0.28393921159907193,0.09999998362731932
0.41453391693232117,0.10000000745582582
0.4412851593105296,0.10000003470230101
0.40717473329882786,0.10000002384185791
0.42645534185817585,0.10000003450393669
0.4301748254253264,0.10000002384185791
0.358936633234659,0.10000002384185791
0.33998162573532725,0.10000003189468387
0.3145010495783757,0.09999960660934448
0.41059601880592417,0.10000002505493166
0.4224364321729725,0.10000000332880021
0.3373726678240426,0.09999992698431015
0.4133334222227781,0.10000000332880021
0.34751642688911627,0.09999990463256836
0.3605171162851872,0.10000002384185791
0.43284707187804844,0.1000000318527221
0.4141907228491144,0.1000000163593292
0.4013118689061403,0.10000002384185791
0.41367193267167984,0.10000002384185791
0.34494462351037164,0.10000003307342531
0.42418399992008493,0.1000000149002076
0.3411448153462192,0.09999996423721313
0.42434843689528146,0.10000004613494873
0.409825513091581,0.10000002384185791
0.37286116100534394,0.0999998226761818
0.3157747645178455,0.09999994743347163
0.4093576878001641,0.10000001585388185
0.4183351252509677,0.10000002384185791
0.3795283223232754,0.09999999054718023
0.41142386117711677,0.10000000332880021
0.4361021586695495,0.10000000149011612
0.4002972812999588,0.10000002384185791
0.4343092546488545,0.10000002384185791
0.4249555490778842,0.10000003518676759
0.4359110830349247,0.10000004653167727
0.4164843196168666,0.1000000413742066
0.3583901196687898,0.10000005221176145
0.41183519368518406,0.10000002384185791
0.4193419125940078,0.10000001078033449
0.4146052587814898,0.10000001985168461
0.3977380060245159,0.1000000338516236
0.40734629315669907,0.10000002523422236
0.37432592795626923,0.09999999676513671
0.42934247734790437,0.10000002062225344
0.4168686092972815,0.1000000102024079
0.4029727961289894,0.10000002384185791
0.42922231985935,0.1000000318527221
0.34767866142953585,0.10000004731750489
0.36128459436061117,0.10000002384185791
0.4230548633193198,0.10000002384185791
0.42283294483493095,0.10000000351715088
0.45075328126258896,0.10000002384185791
0.34112553335625573,0.09999978542327881
0.4147534856697011,0.10000002384185791
0.3993232540776985,0.10000001832580563
0.43052540576359716,0.10000003446960448
0.4301832037310267,0.10000002819824216
0.4090914973713828,0.10000002384185791
0.4126548669991344,0.10000002384185791
0.41795977865455886,0.10000000149011612
0.42147675653335526,0.10000000624847405
0.43800109024793416,0.10000000429391859
0.41109509015027257,0.10000003390121459
0.42797330392726324,0.10000003897094722
0.37394833552981277,0.10000002384185791
0.42576723858536547,0.10000004714584354
0.34608550467707466,0.10000000483942034
0.42767808089721676,0.10000004460906986
0.4341634391302935,0.10000002127456664
0.3486905650937103,0.10000004339981072
0.3597508890558243,0.10000004723358158
0.4265882076571075,0.10000000288772581
0.3235042868791581,0.09999987483024597
0.4359010412327742,0.10000005197525019
0.4100939386491772,0.10000002384185791
0.34656397052022664,0.10000002384185791
0.4228897508447942,0.10000004606628421
0.3763236349815677,0.09999994188547134
0.4283837883448314,0.1000000448112488
0.42547801452774714,0.10000004397583007
0.415055753414425,0.10000002384185791
0.4163363107035324,0.10000002384185791
0.39028763403591665,0.10000002384185791
0.4264286815266202,0.10000004947662355
0.2827705424591803,0.10000002770614624
0.44234717774102045,0.10000002384185791
0.4185483418254626,0.10000002894973758
0.40761657410216573,0.10000002384185791
0.428963167533932,0.10000002915954587
0.4154376999893736,0.1000000413742066
0.4113861839018764,0.10000002149963383
0.41527587776996394,0.10000003558349613
0.41161583630645765,0.10000002384185791
0.4199340187105181,0.10000000332880021
0.4290785590965596,0.10000003621673581
0.4236197604450634,0.10000002384185791
0.39609362163462214,0.10000002177047729
0.4202046919747013,0.10000004459381107
0.4203016851187753,0.1000000318527221
0.3937593043777378,0.10000000332880021
0.4026407424607533,0.10000001078033449
0.4244889694961854,0.10000001264190672
0.425770190933531,0.1000000318527221
0.4542763288874975,0.10000002384185791
0.3053140992748144,0.09999993443489075
0.41307425560797123,0.10000004221343994
0.3205262944487509,0.10000001078605647
0.3975580292073832,0.10000001438331607
0.4102904091347814,0.10000002864837643
0.32969890711031913,0.10000002384185791
0.34591796704495636,0.10000004011535646
0.4111070482798909,0.10000001973915096
0.412897322686782,0.10000002473831171
0.4275021926770835,0.10000002384185791
0.397333743098658,0.10000004182052613
0.4206436227215434,0.10000002384185791
0.4222513840973574,0.10000000149011612
0.4130798206791789,0.10000002384185791
0.3300419177835743,0.09999984502792358
0.43396539743305357,0.10000004831314091
0.41291724917564704,0.10000003983306882
0.4355891505364695,0.10000000149011612
0.4359534005467262,0.10000000149011612
0.42590204382718877,0.10000005162048342
0.3989725563815381,0.10000002384185791
0.40964864006567636,0.10000004930114748
0.43566546182786753,0.10000002384185791
0.42275618402690196,0.10000002095031735
0.42700788838794235,0.10000002243804929
0.32149473021757685,0.10000001190948482
0.4302971953644288,0.10000000149011612
0.41337751188133254,0.10000002384185791
0.3035549956944187,0.09999927878379822
0.42297596811561794,0.10000001255798341
0.4215059924208249,0.1000000215301513
0.4312184100350909,0.10000003015136716
0.4370163752213397,0.10000002384185791
0.33636930380869123,0.09999997168779373
0.43976681079695873,0.10000002384185791
0.4273094418220737,0.10000002597427371
0.42898821136470655,0.10000002489471438
0.431977592001685,0.10000002384185791
0.38864913512445676,0.10000003270339963
0.34635647325724306,0.09999999627876283
0.4019264326306235,0.10000003074645991
0.4183299396956585,0.10000000149011612
0.4359901954538406,0.10000001225662225
0.3252750463882373,0.09999966621398926
0.3307512407309357,0.09999895095825195
0.39331409084266633,0.10000003174209593
0.36078517576823976,0.10000002886199955
0.4096091151474869,0.10000003905487054
0.42492487084400477,0.10000002384185791
0.39476704170416405,0.10000003018188475
0.29064822629590986,0.10000000161838529
0.4195959103492826,0.10000004397583007
0.4491328814456028,0.10000004968261722
0.4354138637122376,0.10000002384185791
0.4152612754145144,0.10000002384185791
0.32608175485186763,0.10000000266027448
0.42673492901451987,0.10000001730728147
0.4310914035289834,0.10000002384185791
0.3470085480192436,0.10000005229187015
0.4101736360263557,0.10000003261947632
0.43447456049091704,0.10000002384185791
0.4214829831162882,0.10000002384185791
0.3916812618222791,0.10000001811218262
0.3563532989206355,0.10000002384185791
0.38500132149724464,0.10000000426435468
0.4325454635060052,0.10000001065444941
0.41400604901416527,0.10000002764511107
0.41211804000619157,0.10000002384185791
0.4268735026610676,0.10000002384185791
0.311258996546176,0.10000003668975832
0.33117336848753987,0.09999990463256836
0.40741160580565977,0.10000002384185791
0.38429201322293804,0.10000003897476195
0.4021360580267498,0.10000004308700561
0.4134779606285431,0.10000004397583007
0.3988017722385343,0.10000003240966793
0.36201474018940366,0.10000002384185791
0.32150309758243983,0.10000000048780439
0.41579488262527703,0.1000000318527221
0.4142919335480184,0.10000002384185791
0.41418456750953153,0.10000000861358638
0.4005536800477853,0.10000000774526596
0.4018621241861924,0.10000004769897464
0.3827825911422345,0.1000000329742432
0.42689971697617546,0.10000000745582582
0.33027864584584044,0.09999960660934448
0.4023334881379379,0.10000002384185791
0.40809926483123377,0.10000002384185791
0.4240129176672623,0.10000002969741817
0.31141695449573936,0.10000002384185791
0.45177336432394644,0.10000002384185791
0.43470262174994856,0.10000003938674928
0.40878679597369233,0.10000001178359985
0.3675490299588345,0.09999976858139037
0.43320779691381905,0.1000000318527221
